epoch,step,eval_loss,eval_accuracy,eval_f1,eval_precision,eval_recall,eval_runtime
1.0,24544,1.0268235206604004,0.5004584819154355,0.4961085944344695,0.527752071107051,0.5056000581197875,26.7494
2.0,49088,1.002152681350708,0.5265410086602139,0.5274339782104703,0.5356149598607792,0.5281874084211758,39.5771
3.0,73632,0.9976709485054016,0.5333672949566989,0.5337371228956093,0.5381840828444564,0.5343107683497994,68.6726
3.0,73632,0.9976709485054016,0.5333672949566989,0.5337371228956093,0.5381840828444564,0.5343107683497994,68.6565
