{
  "task": "sst2",
  "method": "full",
  "trainable_parameters": 124647170,
  "total_parameters": 124647170,
  "runtime_seconds": 6333.229631662369,
  "eval_metrics": {
    "eval_loss": 0.29342377185821533,
    "eval_accuracy": 0.9197247706422018,
    "eval_precision": 0.9137168141592921,
    "eval_recall": 0.9301801801801802,
    "eval_f1": 0.921875,
    "eval_runtime": 7.4531,
    "eval_samples_per_second": 116.999,
    "eval_steps_per_second": 1.878,
    "epoch": 3.0
  },
  "lora_targets": [
    "query",
    "value"
  ],
  "lora_rank": 8,
  "lora_alpha": 16
}