epoch,step,eval_loss,eval_accuracy,eval_f1,eval_precision,eval_recall,eval_runtime
1.0,4210,0.5357622504234314,0.7454128440366973,0.7905660377358491,0.6801948051948052,0.9436936936936937,1.2479
2.0,8420,0.4726829528808594,0.8004587155963303,0.8206185567010309,0.7566539923954373,0.8963963963963963,1.251
3.0,12630,0.46183428168296814,0.8061926605504587,0.8226652675760755,0.7701375245579568,0.8828828828828829,1.2473
3.0,12630,0.46183428168296814,0.8061926605504587,0.8226652675760755,0.7701375245579568,0.8828828828828829,1.2629
