{
  "task": "mrpc",
  "method": "lora",
  "trainable_parameters": 887042,
  "total_parameters": 124942082,
  "runtime_seconds": 7995.75585603714,
  "eval_metrics": {
    "eval_loss": 1.0022485256195068,
    "eval_accuracy": 0.8774509803921569,
    "eval_f1": 0.910394265232975,
    "eval_runtime": 11.0958,
    "eval_samples_per_second": 36.771,
    "eval_steps_per_second": 0.631,
    "epoch": 30.0
  },
  "lora_targets": [
    "query",
    "value"
  ],
  "lora_rank": 8,
  "lora_alpha": 16
}