epoch,step,eval_loss,eval_accuracy,eval_f1,eval_precision,eval_recall,eval_runtime
1.0,230,0.6135632991790771,0.6838235294117647,0.8122270742358079,0.6838235294117647,1.0,1.6823
2.0,460,0.5428581833839417,0.7034313725490197,0.819672131147541,0.701530612244898,0.985663082437276,2.2628
3.0,690,0.5183084011077881,0.7058823529411765,0.8181818181818182,0.7086614173228346,0.967741935483871,2.2597
3.0,690,0.5183084011077881,0.7058823529411765,0.8181818181818182,0.7086614173228346,0.967741935483871,2.2577
