epoch,step,eval_loss,eval_accuracy,eval_f1,eval_precision,eval_recall,eval_runtime
1.0,230,0.3516947031021118,0.8602941176470589,0.9032258064516129,0.8580645161290322,0.953405017921147,4.1358
2.0,460,0.3820432424545288,0.8823529411764706,0.9157894736842105,0.8969072164948454,0.9354838709677419,4.1411
3.0,690,0.5415898561477661,0.8725490196078431,0.9097222222222222,0.8821548821548821,0.9390681003584229,4.136
3.0,690,0.5415898561477661,0.8725490196078431,0.9097222222222222,0.8821548821548821,0.9390681003584229,4.143
