epoch,step,eval_loss,eval_accuracy,eval_f1,eval_precision,eval_recall,eval_runtime,eval_matthews_correlation
1.0,535,0.4782756268978119,0.7823585810162992,0.8578584846587352,0.7819634703196348,0.9500693481276006,3.1094,0.4496077935780946
2.0,1070,0.5149402618408203,0.7871524448705657,0.8600252206809584,0.7884393063583816,0.9459084604715673,5.9613,0.4636527046306878
3.0,1605,0.49779394268989563,0.7938638542665388,0.8634920634920635,0.7962529274004684,0.9431345353675451,5.2852,0.48304108757820724
3.0,1605,0.49779394268989563,0.7938638542665388,0.8634920634920635,0.7962529274004684,0.9431345353675451,4.6635,0.48304108757820724
