{
  "task": "mrpc",
  "method": "full",
  "trainable_parameters": 124647170,
  "total_parameters": 124647170,
  "runtime_seconds": 413.31172037124634,
  "eval_metrics": {
    "eval_loss": 0.5415898561477661,
    "eval_accuracy": 0.8725490196078431,
    "eval_precision": 0.8821548821548821,
    "eval_recall": 0.9390681003584229,
    "eval_f1": 0.9097222222222222,
    "eval_runtime": 4.143,
    "eval_samples_per_second": 98.479,
    "eval_steps_per_second": 1.69,
    "epoch": 3.0
  },
  "lora_targets": [
    "query",
    "value"
  ],
  "lora_rank": 8,
  "lora_alpha": 16
}