epoch,step,eval_loss,eval_accuracy,eval_f1,eval_precision,eval_recall,eval_runtime
1.0,6547,0.2649041414260864,0.8941973274757459,0.8964528842708707,0.8869195320808224,0.90619340818544,32.2354
2.0,13094,0.2565605044364929,0.8993227164561596,0.8965776607747273,0.932342588971451,0.8634552698297718,48.4291
3.0,19641,0.242441788315773,0.90481420464946,0.9049360146252285,0.9136212624584718,0.896414342629482,48.6446
3.0,19641,0.242441788315773,0.90481420464946,0.9049360146252285,0.9136212624584718,0.896414342629482,48.6605
