{
  "task": "qnli",
  "method": "lora",
  "trainable_parameters": 887042,
  "total_parameters": 124942082,
  "runtime_seconds": 2227.1695835590363,
  "eval_metrics": {
    "eval_loss": 0.242441788315773,
    "eval_accuracy": 0.90481420464946,
    "eval_precision": 0.9136212624584718,
    "eval_recall": 0.896414342629482,
    "eval_f1": 0.9049360146252285,
    "eval_runtime": 48.6605,
    "eval_samples_per_second": 112.268,
    "eval_steps_per_second": 1.767,
    "epoch": 3.0
  },
  "lora_targets": [
    "query",
    "value"
  ],
  "lora_rank": 8,
  "lora_alpha": 16
}