epoch,step,eval_loss,eval_accuracy,eval_f1,eval_precision,eval_recall,eval_runtime
1.0,230,0.620693027973175,0.6838235294117647,0.8122270742358079,0.6838235294117647,1.0,1.1271
2.0,460,0.6179066300392151,0.6838235294117647,0.8122270742358079,0.6838235294117647,1.0,1.1412
3.0,690,0.617306649684906,0.6838235294117647,0.8122270742358079,0.6838235294117647,1.0,1.15
3.0,690,0.617306649684906,0.6838235294117647,0.8122270742358079,0.6838235294117647,1.0,1.157
