epoch,step,eval_loss,eval_accuracy,eval_f1,eval_precision,eval_recall,eval_runtime,eval_matthews_correlation
1.0,24544,0.42503824830055237,0.8338257768721344,0.8328914566469741,0.8332993199764359,0.8334291448024987,71.6189,nan
2.0,49088,0.40106794238090515,0.8478858889454916,0.8468267358238477,0.846753862398471,0.8469334760282686,71.647,nan
3.0,73632,0.39316093921661377,0.8492103922567499,0.8481130457930148,0.8480428068663363,0.8482633094187827,71.4037,nan
3.0,73632,0.39316093921661377,0.8492103922567499,0.8481130457930148,0.8480428068663363,0.8482633094187827,71.664,nan
