{
  "task": "mnli",
  "method": "lora",
  "trainable_parameters": 887811,
  "total_parameters": 124942851,
  "runtime_seconds": 19137.07673764229,
  "eval_metrics": {
    "eval_loss": 0.39316093921661377,
    "eval_accuracy": 0.8492103922567499,
    "eval_precision": 0.8480428068663363,
    "eval_recall": 0.8482633094187827,
    "eval_f1": 0.8481130457930148,
    "eval_runtime": 71.664,
    "eval_samples_per_second": 136.959,
    "eval_steps_per_second": 2.149,
    "epoch": 3.0
  },
  "lora_targets": [
    "query",
    "value"
  ],
  "lora_rank": 8,
  "lora_alpha": 16
}