epoch,step,eval_loss,eval_accuracy,eval_f1,eval_precision,eval_recall,eval_runtime
1.0,22741,0.6580594778060913,0.6318327974276527,0.0,0.0,0.0,228.9134
2.0,45482,0.66500324010849,0.6318327974276527,0.0,0.0,0.0,174.479
3.0,68223,0.4168544113636017,0.8041058619836755,0.7386483632523759,0.7258577080225695,0.7518978837756131,58.0235
3.0,68223,0.4168544113636017,0.8041058619836755,0.7386483632523759,0.7258577080225695,0.7518978837756131,57.9518
