epoch,step,eval_loss,eval_accuracy,eval_f1,eval_precision,eval_recall,eval_runtime,eval_matthews_correlation
1.0,535,0.6110841035842896,0.6912751677852349,0.8174603174603174,0.6912751677852349,1.0,5.9541,0.0
2.0,1070,0.6125380396842957,0.6912751677852349,0.8174603174603174,0.6912751677852349,1.0,5.948,0.0
3.0,1605,0.6106286644935608,0.6912751677852349,0.8174603174603174,0.6912751677852349,1.0,5.9476,0.0
3.0,1605,0.6106286644935608,0.6912751677852349,0.8174603174603174,0.6912751677852349,1.0,6.0921,0.0
