epoch,step,eval_loss,eval_accuracy,eval_f1,eval_precision,eval_recall,eval_runtime
1.0,24544,0.43378180265426636,0.8329088130412634,0.8318052287887725,0.8325942263494418,0.8325019685700014,73.5349
2.0,49088,0.4020804762840271,0.8459500764136526,0.8449057107580288,0.84482117613797,0.8450852059813281,45.1311
3.0,73632,0.39182552695274353,0.8495160468670403,0.8484414843180151,0.8483651643005393,0.8485716767648852,45.1843
3.0,73632,0.39182552695274353,0.8495160468670403,0.8484414843180151,0.8483651643005393,0.8485716767648852,45.1584
