epoch,step,eval_loss,eval_accuracy,eval_f1,eval_precision,eval_recall,eval_runtime,eval_matthews_correlation
1.0,535,0.5028115510940552,0.785234899328859,0.8605230386052304,0.7807909604519774,0.9583911234396671,5.4373,0.45859730034180485
2.0,1070,0.4445224404335022,0.8341323106423778,0.8877352368591823,0.8341463414634146,0.9486823855755895,3.0197,0.5930452712523209
3.0,1605,0.6218762993812561,0.8264621284755513,0.8828478964401294,0.8276699029126213,0.9459084604715673,3.0202,0.572700939299986
3.0,1605,0.6218762993812561,0.8264621284755513,0.8828478964401294,0.8276699029126213,0.9459084604715673,3.0222,0.572700939299986
