epoch,step,eval_loss,eval_accuracy,eval_f1,eval_precision,eval_recall,eval_runtime
1.0,22741,0.3129537105560303,0.8609943111550828,0.823403720462544,0.7734813153078695,0.8802149815250252,115.1698
2.0,45482,0.2930358648300171,0.8704922087558743,0.832565873624968,0.7944102032098614,0.8745717164931138,302.7296
3.0,68223,0.28944268822669983,0.8736087064061341,0.8346599365818935,0.805068347793521,0.8665099093046691,242.1422
3.0,68223,0.28944268822669983,0.8736087064061341,0.8346599365818935,0.805068347793521,0.8665099093046691,242.1946
