epoch,step,eval_loss,eval_accuracy,eval_f1,eval_precision,eval_recall,eval_runtime
1.0,4210,0.2975161075592041,0.9059633027522935,0.9104803493449781,0.8834745762711864,0.9391891891891891,6.1928
2.0,8420,0.26584190130233765,0.9105504587155964,0.9088785046728972,0.9441747572815534,0.8761261261261262,7.4597
3.0,12630,0.29342377185821533,0.9197247706422018,0.921875,0.9137168141592921,0.9301801801801802,7.4522
3.0,12630,0.29342377185821533,0.9197247706422018,0.921875,0.9137168141592921,0.9301801801801802,7.4531
