epoch,step,eval_loss,eval_accuracy,eval_f1,eval_precision,eval_recall,eval_runtime
1.0,22741,0.5226074457168579,0.7426168686618847,0.608767576509512,0.6911978143942628,0.5439032583137386,209.8273
2.0,45482,0.5109222531318665,0.7504575810042048,0.6370210469508905,0.6857474825716499,0.5947598253275109,162.7058
3.0,68223,0.5081579685211182,0.7514469453376206,0.6369187411930484,0.6890243902439024,0.5921397379912664,162.726
3.0,68223,0.5081579685211182,0.7514469453376206,0.6369187411930484,0.6890243902439024,0.5921397379912664,162.7065
