epoch,step,eval_loss,eval_accuracy,eval_f1,eval_precision,eval_recall,eval_runtime
1.0,6547,0.6660746932029724,0.6518396485447556,0.6502390584773814,0.6604407919312664,0.6403477001086563,21.3487
2.0,13094,0.6530388593673706,0.6598938312282628,0.6435149654643131,0.6842105263157895,0.607388627308946,28.4675
3.0,19641,0.6487962007522583,0.6630056745377998,0.6576157708759531,0.6758409785932722,0.6403477001086563,28.4194
3.0,19641,0.6487962007522583,0.6630056745377998,0.6576157708759531,0.6758409785932722,0.6403477001086563,28.4065
