{
  "task": "qnli",
  "method": "frozen",
  "trainable_parameters": 592130,
  "total_parameters": 124647170,
  "runtime_seconds": 2124.0092380046844,
  "eval_metrics": {
    "eval_loss": 0.6487962007522583,
    "eval_accuracy": 0.6630056745377998,
    "eval_precision": 0.6758409785932722,
    "eval_recall": 0.6403477001086563,
    "eval_f1": 0.6576157708759531,
    "eval_runtime": 28.4065,
    "eval_samples_per_second": 192.315,
    "eval_steps_per_second": 3.027,
    "epoch": 3.0
  },
  "lora_targets": [
    "query",
    "value"
  ],
  "lora_rank": 8,
  "lora_alpha": 16
}