{
  "task": "sst2",
  "method": "lora",
  "trainable_parameters": 887042,
  "total_parameters": 124942082,
  "runtime_seconds": 2473.469144821167,
  "eval_metrics": {
    "eval_loss": 0.20933319628238678,
    "eval_accuracy": 0.9346330275229358,
    "eval_precision": 0.9309576837416481,
    "eval_recall": 0.9414414414414415,
    "eval_f1": 0.9361702127659575,
    "eval_runtime": 3.5242,
    "eval_samples_per_second": 247.432,
    "eval_steps_per_second": 3.973,
    "epoch": 3.0
  },
  "lora_targets": [
    "query",
    "value"
  ],
  "lora_rank": 8,
  "lora_alpha": 16
}