{
  "task": "sst2",
  "method": "frozen",
  "trainable_parameters": 592130,
  "total_parameters": 124647170,
  "runtime_seconds": 384.4566786289215,
  "eval_metrics": {
    "eval_loss": 0.46183428168296814,
    "eval_accuracy": 0.8061926605504587,
    "eval_precision": 0.7701375245579568,
    "eval_recall": 0.8828828828828829,
    "eval_f1": 0.8226652675760755,
    "eval_runtime": 1.2629,
    "eval_samples_per_second": 690.458,
    "eval_steps_per_second": 11.085,
    "epoch": 3.0
  },
  "lora_targets": [
    "query",
    "value"
  ],
  "lora_rank": 8,
  "lora_alpha": 16
}