epoch,step,eval_loss,eval_accuracy,eval_f1,eval_precision,eval_recall,eval_runtime
1.0,6547,0.3352676331996918,0.8777228628958448,0.8763878608438194,0.8959515701853954,0.8576602680188338,46.5346
2.0,13094,0.2762871980667114,0.8918176825919825,0.8882586500283608,0.9291930379746836,0.8507787033683448,38.779
3.0,19641,0.28396326303482056,0.9108548416620904,0.9116312828887679,0.9134545454545454,0.9098152843172763,38.779
3.0,19641,0.28396326303482056,0.9108548416620904,0.9116312828887679,0.9134545454545454,0.9098152843172763,38.7938
