epoch,step,eval_loss,eval_accuracy,eval_f1,eval_precision,eval_recall,eval_runtime,eval_matthews_correlation
1.0,24544,0.5058123469352722,0.7977585328578706,0.7971275379061274,0.7976822676419889,0.7973320070858684,70.4916,nan
2.0,49088,0.47972372174263,0.8110035659704534,0.8101695333591783,0.8103410627749247,0.8102452591396766,68.4561,nan
3.0,73632,0.4694207012653351,0.8142638818135507,0.8131474407950007,0.8131400325446968,0.8132137703074086,67.5475,nan
3.0,73632,0.4694207012653351,0.8142638818135507,0.8131474407950007,0.8131400325446968,0.8132137703074086,67.8987,nan
