{
  "task": "mnli",
  "method": "lora",
  "trainable_parameters": 740355,
  "total_parameters": 124795395,
  "runtime_seconds": 18622.8575463295,
  "eval_metrics": {
    "eval_loss": 0.4694207012653351,
    "eval_accuracy": 0.8142638818135507,
    "eval_precision": 0.8131400325446968,
    "eval_recall": 0.8132137703074086,
    "eval_f1": 0.8131474407950007,
    "eval_runtime": 67.8987,
    "eval_samples_per_second": 144.554,
    "eval_steps_per_second": 2.268,
    "epoch": 3.0
  },
  "lora_targets": [
    "query"
  ],
  "lora_rank": 8,
  "lora_alpha": 16
}