epoch,step,eval_loss,eval_accuracy,eval_f1,eval_precision,eval_recall,eval_runtime
1.0,24544,0.4457247257232666,0.8322975038206827,0.8312904786822801,0.8316764914635012,0.831836052375427,55.6192
2.0,49088,0.42382410168647766,0.851553744268976,0.8508483866287757,0.8510616102366493,0.8513323498248019,42.3979
3.0,73632,0.4660894572734833,0.8598064187468161,0.8592216244286345,0.8594145304179376,0.8595707790436541,29.4731
3.0,73632,0.4660894572734833,0.8598064187468161,0.8592216244286345,0.8594145304179376,0.8595707790436541,29.5417
