{
  "task": "cola",
  "method": "lora",
  "trainable_parameters": 887042,
  "total_parameters": 124942082,
  "runtime_seconds": 302.1538550853729,
  "eval_metrics": {
    "eval_loss": 0.49779394268989563,
    "eval_accuracy": 0.7938638542665388,
    "eval_precision": 0.7962529274004684,
    "eval_recall": 0.9431345353675451,
    "eval_f1": 0.8634920634920635,
    "eval_matthews_correlation": 0.48304108757820724,
    "eval_runtime": 4.6635,
    "eval_samples_per_second": 223.65,
    "eval_steps_per_second": 3.645,
    "epoch": 3.0
  },
  "lora_targets": [
    "query",
    "value"
  ],
  "lora_rank": 8,
  "lora_alpha": 16
}