epoch,step,eval_loss,eval_accuracy,eval_f1,eval_precision,eval_recall,eval_runtime
1.0,4210,0.19067956507205963,0.9334862385321101,0.9348314606741573,0.9327354260089686,0.9369369369369369,4.5748
2.0,8420,0.21365533769130707,0.930045871559633,0.9322974472807991,0.9190371991247265,0.9459459459459459,3.5197
3.0,12630,0.20933319628238678,0.9346330275229358,0.9361702127659575,0.9309576837416481,0.9414414414414415,3.5245
3.0,12630,0.20933319628238678,0.9346330275229358,0.9361702127659575,0.9309576837416481,0.9414414414414415,3.5242
