epoch,step,eval_loss,eval_accuracy,eval_f1,eval_precision,eval_recall,eval_runtime,eval_matthews_correlation
1.0,24544,0.4009672701358795,0.8426897605705552,0.8417865628552148,0.8420766518603013,0.8422264658863776,74.5751,nan
2.0,49088,0.38181033730506897,0.854508405501783,0.8536095842506152,0.853524511280368,0.8538014476083985,74.5643,nan
3.0,73632,0.37162289023399353,0.8591951095262353,0.858272560861341,0.858190786873565,0.8584410747126546,74.6047,nan
3.0,73632,0.37162289023399353,0.8591951095262353,0.858272560861341,0.858190786873565,0.8584410747126546,74.5756,nan
