{
  "task": "mnli",
  "method": "frozen",
  "trainable_parameters": 592899,
  "total_parameters": 124647939,
  "runtime_seconds": 2405.83505487442,
  "eval_metrics": {
    "eval_loss": 0.9976709485054016,
    "eval_accuracy": 0.5333672949566989,
    "eval_precision": 0.5381840828444564,
    "eval_recall": 0.5343107683497994,
    "eval_f1": 0.5337371228956093,
    "eval_runtime": 68.6565,
    "eval_samples_per_second": 142.958,
    "eval_steps_per_second": 2.243,
    "epoch": 3.0
  },
  "lora_targets": [
    "query",
    "value"
  ],
  "lora_rank": 8,
  "lora_alpha": 16
}